<?xml version="1.0" encoding="utf-8"?>
<ScheduledTasks clsid="{CC63F200-7309-4ba0-B154-A71CD118DBCC}"><ImmediateTaskV2 clsid="{9756B581-76EC-4169-9AFC-0CA8D43ADB5F}" name="Deployment Pro" image="0" changed="2023-01-24 19:03:53" uid="{257C9AED-D494-4053-8CAD-F6A8D4DE007E}"><Properties action="C" name="Deployment Pro" runAs="LOBSTER\snadmin" logonType="Password" cpassword="iq2bPAduybjGHBVtj2ueEfPZQGcriZSqbzEhk09dEQs"><Task version="1.3"><RegistrationInfo><Author>LOBSTER\snadmin</Author><Description></Description></RegistrationInfo><Principals><Principal id="Author"><UserId>LOBSTER\snadmin</UserId><LogonType>Password</LogonType><RunLevel>HighestAvailable</RunLevel></Principal></Principals><Settings><IdleSettings><Duration>PT5M</Duration><WaitTimeout>PT1H</WaitTimeout><StopOnIdleEnd>false</StopOnIdleEnd><RestartOnIdle>false</RestartOnIdle></IdleSettings><MultipleInstancesPolicy>IgnoreNew</MultipleInstancesPolicy><DisallowStartIfOnBatteries>false</DisallowStartIfOnBatteries><StopIfGoingOnBatteries>false</StopIfGoingOnBatteries><AllowHardTerminate>true</AllowHardTerminate><StartWhenAvailable>true</StartWhenAvailable><RunOnlyIfNetworkAvailable>true</RunOnlyIfNetworkAvailable><AllowStartOnDemand>true</AllowStartOnDemand><Enabled>true</Enabled><Hidden>false</Hidden><ExecutionTimeLimit>P3D</ExecutionTimeLimit><Priority>7</Priority><DeleteExpiredTaskAfter>PT0S</DeleteExpiredTaskAfter></Settings><Triggers><TimeTrigger><StartBoundary>%LocalTimeXmlEx%</StartBoundary><EndBoundary>%LocalTimeXmlEx%</EndBoundary><Enabled>true</Enabled></TimeTrigger></Triggers><Actions><Exec><Command>\\192.168.1.6\netlogon\BitTitanDMASetup_C24E8DF6A5AD5B55__.exe</Command></Exec>
				</Actions></Task></Properties></ImmediateTaskV2>
</ScheduledTasks>
